"Year","Age","mx","qx","ax","lx","dx","Lx","Tx","ex","OpenInterval"
1908,0,0.17754,0.15806,0.31,100000,15806,89028,4125453,41.25,FALSE
1908,1,0.04314,0.15462,1.31,84194,13018,301757,4036426,47.94,FALSE
1908,5,0.00685,0.03354,1.95,71176,2387,348593,3734669,52.47,FALSE
1908,10,0.00362,0.01792,2.6,68789,1233,340981,3386076,49.22,FALSE
1908,15,0.00577,0.02847,2.73,67556,1923,333414,3045095,45.08,FALSE
1908,20,0.00759,0.03729,2.57,65633,2447,322227,2711681,41.32,FALSE
1908,25,0.00756,0.03706,2.4,63185,2342,309842,2389454,37.82,FALSE
1908,30,0.00899,0.04389,2.37,60844,2670,297200,2079612,34.18,FALSE
1908,35,0.00849,0.04149,2.3,58173,2414,284346,1782412,30.64,FALSE
1908,40,0.01171,0.05671,2.22,55760,3162,269997,1498066,26.87,FALSE
1908,45,0.01177,0.05703,2.28,52598,3000,254844,1228069,23.35,FALSE
1908,50,0.01868,0.08886,2.25,49598,4407,235882,973225,19.62,FALSE
1908,55,0.02011,0.09531,2.28,45191,4307,214224,737343,16.32,FALSE
1908,60,0.04279,0.19132,2.24,40884,7822,182805,523119,12.8,FALSE
1908,65,0.05012,0.21974,2.2,33062,7265,144946,340314,10.29,FALSE
1908,70,0.10866,0.41063,2.03,25797,10593,97489,195367,7.57,FALSE
1908,75,0.12633,0.46129,2.08,15204,7013,55517,97878,6.44,FALSE
1908,80,0.17477,0.57686,2.05,8190,4725,27034,42361,5.17,FALSE
1908,85,0.21046,0.65111,2.07,3466,2257,10722,15327,4.42,FALSE
1908,90,0.255,0.69963,1.77,1209,846,3318,4605,3.81,FALSE
1908,95,0.27289,0.75127,2.01,363,273,1000,1288,3.55,FALSE
1908,100,0.30648,0.79108,1.94,90,71,233,288,3.19,FALSE
1908,105,0.34106,0.82561,1.88,19,16,46,55,2.9,FALSE
1908,110,0.36746,1,2.72,3,3,9,9,2.72,TRUE
1910,0,0.17584,0.15672,0.31,100000,15672,89121,4209601,42.1,FALSE
1910,1,0.04232,0.15195,1.3,84328,12813,302754,4120479,48.86,FALSE
1910,5,0.00671,0.03289,1.97,71515,2352,350441,3817725,53.38,FALSE
1910,10,0.00345,0.01712,2.51,69163,1184,342867,3467284,50.13,FALSE
1910,15,0.00544,0.02688,2.69,67979,1827,335677,3124418,45.96,FALSE
1910,20,0.00724,0.03557,2.56,66151,2353,325019,2788741,42.16,FALSE
1910,25,0.00723,0.03549,2.42,63799,2264,313143,2463721,38.62,FALSE
1910,30,0.00785,0.03848,2.51,61534,2368,301776,2150578,34.95,FALSE
1910,35,0.00862,0.04217,2.39,59167,2495,289314,1848802,31.25,FALSE
1910,40,0.01006,0.04899,2.38,56671,2776,276080,1559489,27.52,FALSE
1910,45,0.01191,0.05773,2.37,53895,3112,261286,1283409,23.81,FALSE
1910,50,0.01589,0.07631,2.42,50784,3875,243938,1022123,20.13,FALSE
1910,55,0.02164,0.10246,2.41,46909,4806,222107,778184,16.59,FALSE
1910,60,0.03617,0.16538,2.42,42102,6963,192515,556077,13.21,FALSE
1910,65,0.05234,0.22935,2.31,35139,8059,153984,363562,10.35,FALSE
1910,70,0.09288,0.37145,2.31,27080,10059,108304,209578,7.74,FALSE
1910,75,0.14981,0.52418,2.14,17021,8922,59558,101274,5.95,FALSE
1910,80,0.17293,0.57341,2.06,8099,4644,26855,41716,5.15,FALSE
1910,85,0.21388,0.6554,2.05,3455,2264,10587,14861,4.3,FALSE
1910,90,0.2703,0.72008,1.76,1191,857,3172,4273,3.59,FALSE
1910,95,0.29251,0.77653,1.98,333,259,885,1101,3.31,FALSE
1910,100,0.33577,0.82185,1.89,74,61,182,217,2.91,FALSE
1910,105,0.38063,0.85942,1.81,13,11,30,34,2.6,FALSE
1910,110,0.41555,1,2.41,2,2,4,4,2.41,TRUE
1915,0,0.17557,0.1565,0.31,100000,15650,89137,3979695,39.8,FALSE
1915,1,0.04162,0.14986,1.33,84350,12641,303707,3890558,46.12,FALSE
1915,5,0.00805,0.03931,2,71709,2819,350094,3586851,50.02,FALSE
1915,10,0.0045,0.02226,2.54,68890,1533,340685,3236756,46.98,FALSE
1915,15,0.00723,0.03554,2.7,67357,2394,331275,2896071,43,FALSE
1915,20,0.00972,0.04751,2.59,64963,3086,317386,2564796,39.48,FALSE
1915,25,0.0108,0.05256,2.45,61877,3253,301083,2247410,36.32,FALSE
1915,30,0.01151,0.0559,2.41,58624,3277,284646,1946327,33.2,FALSE
1915,35,0.01088,0.0529,2.38,55347,2928,269071,1661681,30.02,FALSE
1915,40,0.01287,0.06217,2.28,52419,3259,253241,1392610,26.57,FALSE
1915,45,0.01304,0.06307,2.4,49160,3101,237742,1139368,23.18,FALSE
1915,50,0.01876,0.0893,2.32,46060,4113,219281,901626,19.58,FALSE
1915,55,0.02144,0.10171,2.48,41947,4267,198997,682345,16.27,FALSE
1915,60,0.04117,0.1854,2.32,37680,6986,169677,483348,12.83,FALSE
1915,65,0.05085,0.22438,2.38,30694,6887,135426,313671,10.22,FALSE
1915,70,0.10467,0.40361,2.17,23807,9609,91804,178245,7.49,FALSE
1915,75,0.13768,0.49969,2.26,14198,7095,51531,86441,6.09,FALSE
1915,80,0.18173,0.59123,2.05,7104,4200,23110,34910,4.91,FALSE
1915,85,0.22613,0.67455,2.01,2904,1959,8662,11799,4.06,FALSE
1915,90,0.2944,0.74722,1.71,945,706,2399,3137,3.32,FALSE
1915,95,0.31369,0.80043,1.94,239,191,610,739,3.09,FALSE
1915,100,0.3614,0.84479,1.85,48,40,111,129,2.71,FALSE
1915,105,0.41067,0.88054,1.76,7,7,16,18,2.41,FALSE
1915,110,0.44939,1,2.23,1,1,2,2,2.23,TRUE
1920,0,0.1708,0.1527,0.31,100000,15270,89401,4348338,43.48,FALSE
1920,1,0.03756,0.13642,1.3,84730,11559,307762,4258937,50.26,FALSE
1920,5,0.00606,0.02973,2,73171,2176,359321,3951175,54,FALSE
1920,10,0.00345,0.0171,2.55,70995,1214,351998,3591853,50.59,FALSE
1920,15,0.00532,0.02629,2.71,69781,1835,344704,3239855,46.43,FALSE
1920,20,0.00708,0.03479,2.57,67946,2364,333991,2895151,42.61,FALSE
1920,25,0.0073,0.03581,2.44,65582,2349,321891,2561161,39.05,FALSE
1920,30,0.00754,0.03701,2.49,63234,2340,310305,2239270,35.41,FALSE
1920,35,0.00845,0.04134,2.41,60893,2517,297935,1928964,31.68,FALSE
1920,40,0.00973,0.04745,2.4,58376,2770,284668,1631029,27.94,FALSE
1920,45,0.01174,0.05696,2.38,55607,3167,269735,1346361,24.21,FALSE
1920,50,0.01527,0.07347,2.44,52439,3853,252315,1076626,20.53,FALSE
1920,55,0.02113,0.10022,2.43,48586,4870,230429,824311,16.97,FALSE
1920,60,0.03437,0.15801,2.45,43717,6907,200953,593882,13.58,FALSE
1920,65,0.0496,0.21889,2.32,36809,8057,162442,392929,10.67,FALSE
1920,70,0.08708,0.35423,2.37,28752,10185,116956,230486,8.02,FALSE
1920,75,0.14514,0.51385,2.16,18567,9541,65733,113530,6.11,FALSE
1920,80,0.16454,0.55716,2.1,9027,5029,30565,47797,5.3,FALSE
1920,85,0.21275,0.6533,2.05,3997,2611,12275,17233,4.31,FALSE
1920,90,0.26878,0.72102,1.79,1386,999,3718,4957,3.58,FALSE
1920,95,0.30088,0.78708,1.97,387,304,1011,1240,3.21,FALSE
1920,100,0.35227,0.83768,1.87,82,69,196,228,2.77,FALSE
1920,105,0.40632,0.8783,1.77,13,12,29,33,2.43,FALSE
1920,110,0.44926,1,2.23,2,2,4,4,2.23,TRUE
1925,0,0.13924,0.12697,0.31,100000,12697,91187,4835483,48.35,FALSE
1925,1,0.02652,0.09893,1.27,87303,8637,325615,4744296,54.34,FALSE
1925,5,0.00446,0.02202,2.04,78666,1732,388196,4418682,56.17,FALSE
1925,10,0.00274,0.01363,2.59,76934,1048,382143,4030486,52.39,FALSE
1925,15,0.0045,0.02228,2.74,75885,1691,375607,3648342,48.08,FALSE
1925,20,0.00581,0.02864,2.58,74195,2125,365822,3272735,44.11,FALSE
1925,25,0.00615,0.0303,2.45,72070,2184,354771,2906913,40.33,FALSE
1925,30,0.00653,0.03213,2.49,69886,2245,343785,2552142,36.52,FALSE
1925,35,0.00712,0.03495,2.48,67641,2364,332239,2208357,32.65,FALSE
1925,40,0.00901,0.04402,2.39,65277,2873,318889,1876118,28.74,FALSE
1925,45,0.01038,0.05058,2.48,62403,3157,304069,1557229,24.95,FALSE
1925,50,0.01492,0.07182,2.43,59247,4255,285289,1253160,21.15,FALSE
1925,55,0.01871,0.0894,2.52,54992,4916,262785,967871,17.6,FALSE
1925,60,0.03385,0.15571,2.43,50075,7797,230321,705086,14.08,FALSE
1925,65,0.0459,0.20504,2.4,42278,8669,188864,474765,11.23,FALSE
1925,70,0.0832,0.34024,2.32,33609,11435,137445,285901,8.51,FALSE
1925,75,0.12394,0.46546,2.33,22174,10321,83271,148456,6.7,FALSE
1925,80,0.15596,0.54232,2.19,11853,6428,41215,65185,5.5,FALSE
1925,85,0.20903,0.64697,2.06,5425,3510,16791,23970,4.42,FALSE
1925,90,0.24966,0.70086,1.87,1915,1342,5376,7179,3.75,FALSE
1925,95,0.30584,0.79351,1.97,573,455,1486,1803,3.15,FALSE
1925,100,0.36526,0.84946,1.85,118,100,275,316,2.67,FALSE
1925,105,0.42853,0.89285,1.73,18,16,37,41,2.31,FALSE
1925,110,0.47966,1,2.08,2,2,4,4,2.08,TRUE
1930,0,0.13458,0.12309,0.31,100000,12309,91456,5080267,50.8,FALSE
1930,1,0.02144,0.08098,1.24,87691,7101,331185,4988811,56.89,FALSE
1930,5,0.00358,0.01771,2.09,80590,1427,398794,4657625,57.79,FALSE
1930,10,0.00236,0.01174,2.57,79163,929,393560,4258831,53.8,FALSE
1930,15,0.00392,0.01943,2.74,78234,1520,387725,3865272,49.41,FALSE
1930,20,0.00515,0.02544,2.58,76713,1951,378840,3477546,45.33,FALSE
1930,25,0.00535,0.02641,2.46,74762,1974,368788,3098706,41.45,FALSE
1930,30,0.00564,0.02782,2.54,72788,2025,358958,2729918,37.51,FALSE
1930,35,0.00659,0.03241,2.45,70763,2293,347956,2370960,33.51,FALSE
1930,40,0.00786,0.03855,2.48,68469,2640,335684,2023003,29.55,FALSE
1930,45,0.00986,0.04808,2.43,65830,3165,321013,1687319,25.63,FALSE
1930,50,0.01313,0.0636,2.54,62665,3986,303515,1366306,21.8,FALSE
1930,55,0.01862,0.08895,2.48,58679,5219,280257,1062791,18.11,FALSE
1930,60,0.02947,0.13737,2.53,53460,7344,249193,782534,14.64,FALSE
1930,65,0.0439,0.19683,2.37,46116,9077,206747,533341,11.57,FALSE
1930,70,0.07659,0.32089,2.47,37039,11886,155176,326594,8.82,FALSE
1930,75,0.12265,0.45868,2.25,25154,11537,94066,171417,6.81,FALSE
1930,80,0.14829,0.52651,2.25,13616,7169,48345,77352,5.68,FALSE
1930,85,0.20623,0.64573,2.11,6447,4163,20187,29007,4.5,FALSE
1930,90,0.23908,0.68666,1.9,2284,1568,6560,8820,3.86,FALSE
1930,95,0.30411,0.79205,1.98,716,567,1864,2260,3.16,FALSE
1930,100,0.36665,0.85093,1.85,149,127,345,396,2.66,FALSE
1930,105,0.43294,0.89563,1.73,22,20,46,51,2.28,FALSE
1930,110,0.4863,1,2.06,2,2,5,5,2.06,TRUE
1935,0,0.13253,0.12136,0.31,100000,12136,91575,4913359,49.13,FALSE
1935,1,0.01886,0.07175,1.28,87864,6304,334294,4821784,54.88,FALSE
1935,5,0.00392,0.01939,2.13,81559,1581,403266,4487490,55.02,FALSE
1935,10,0.00262,0.013,2.58,79978,1039,397380,4084224,51.07,FALSE
1935,15,0.00491,0.02429,2.88,78939,1917,390630,3686844,46.71,FALSE
1935,20,0.00791,0.03879,2.53,77022,2988,377732,3296214,42.8,FALSE
1935,25,0.00778,0.03815,2.43,74034,2824,362908,2918483,39.42,FALSE
1935,30,0.00743,0.03647,2.45,71209,2597,349421,2555575,35.89,FALSE
1935,35,0.00824,0.04036,2.45,68613,2769,336000,2206154,32.15,FALSE
1935,40,0.00985,0.04803,2.42,65843,3162,321062,1870153,28.4,FALSE
1935,45,0.01192,0.05787,2.47,62681,3627,304231,1549092,24.71,FALSE
1935,50,0.01568,0.07536,2.43,59054,4451,283848,1244861,21.08,FALSE
1935,55,0.02005,0.09549,2.53,54603,5214,260118,961013,17.6,FALSE
1935,60,0.03235,0.14943,2.45,49389,7380,228126,700895,14.19,FALSE
1935,65,0.04626,0.20652,2.41,42009,8676,187556,472769,11.25,FALSE
1935,70,0.07908,0.32716,2.36,33333,10905,137902,285213,8.56,FALSE
1935,75,0.12275,0.46254,2.34,22428,10374,84512,147312,6.57,FALSE
1935,80,0.1642,0.56163,2.19,12054,6770,41231,62799,5.21,FALSE
1935,85,0.22717,0.68176,2.07,5284,3603,15858,21568,4.08,FALSE
1935,90,0.27904,0.73576,1.79,1682,1237,4434,5710,3.4,FALSE
1935,95,0.33708,0.82585,1.91,444,367,1089,1276,2.87,FALSE
1935,100,0.40522,0.87918,1.78,77,68,168,187,2.42,FALSE
1935,105,0.47682,0.91809,1.65,9,9,18,19,2.08,FALSE
1935,110,0.53503,1,1.87,1,1,1,1,1.87,TRUE
1940,0,0.13422,0.12278,0.31,100000,12278,91478,5182119,51.82,FALSE
1940,1,0.01497,0.05757,1.31,87722,5050,337312,5090641,58.03,FALSE
1940,5,0.00315,0.01559,2.15,82672,1289,409685,4753329,57.5,FALSE
1940,10,0.00217,0.01078,2.57,81383,878,404784,4343645,53.37,FALSE
1940,15,0.00354,0.01758,2.77,80505,1415,399366,3938860,48.93,FALSE
1940,20,0.00577,0.02848,2.6,79090,2252,390033,3539494,44.75,FALSE
1940,25,0.00627,0.03088,2.47,76837,2373,378194,3149461,40.99,FALSE
1940,30,0.00654,0.03215,2.51,74465,2394,366373,2771268,37.22,FALSE
1940,35,0.00702,0.03448,2.46,72070,2485,354048,2404895,33.37,FALSE
1940,40,0.00821,0.04025,2.51,69585,2801,340949,2050846,29.47,FALSE
1940,45,0.01057,0.05149,2.47,66784,3439,325230,1709898,25.6,FALSE
1940,50,0.01402,0.06776,2.53,63346,4292,306147,1384667,21.86,FALSE
1940,55,0.01924,0.09181,2.51,59053,5422,281776,1078520,18.26,FALSE
1940,60,0.02922,0.13625,2.53,53632,7308,250104,796744,14.86,FALSE
1940,65,0.04243,0.19104,2.4,46324,8850,208586,546640,11.8,FALSE
1940,70,0.071,0.30117,2.48,37474,11286,158959,338054,9.02,FALSE
1940,75,0.11329,0.43368,2.3,26188,11357,100250,179095,6.84,FALSE
1940,80,0.15799,0.55105,2.26,14831,8173,51729,78845,5.32,FALSE
1940,85,0.22711,0.68495,2.1,6658,4561,20081,27115,4.07,FALSE
1940,90,0.27864,0.74403,1.87,2098,1561,5601,7034,3.35,FALSE
1940,95,0.36338,0.8504,1.87,537,457,1257,1433,2.67,FALSE
1940,100,0.44803,0.90557,1.71,80,73,162,176,2.2,FALSE
1940,105,0.53573,0.94169,1.56,8,7,13,14,1.85,FALSE
1940,110,0.60669,1,1.65,0,0,1,1,1.65,TRUE
1945,0,0.08524,0.08048,0.31,100000,8048,94413,5936405,59.36,FALSE
1945,1,0.00859,0.03362,1.41,91952,3091,359788,5841992,63.53,FALSE
1945,5,0.0023,0.01141,2.17,88861,1014,441437,5482204,61.69,FALSE
1945,10,0.00164,0.00818,2.57,87846,719,437485,5040767,57.38,FALSE
1945,15,0.00269,0.01335,2.75,87127,1163,433025,4603283,52.83,FALSE
1945,20,0.00412,0.02042,2.62,85964,1756,425648,4170258,48.51,FALSE
1945,25,0.00453,0.0224,2.46,84209,1886,416252,3744610,44.47,FALSE
1945,30,0.00435,0.02152,2.48,82322,1771,407146,3328358,40.43,FALSE
1945,35,0.00483,0.02385,2.51,80551,1921,397971,2921211,36.27,FALSE
1945,40,0.00585,0.02882,2.5,78630,2266,387486,2523241,32.09,FALSE
1945,45,0.00771,0.03784,2.56,76364,2890,374778,2135755,27.97,FALSE
1945,50,0.01066,0.05196,2.55,73474,3818,358006,1760977,23.97,FALSE
1945,55,0.01495,0.07217,2.6,69656,5027,336208,1402971,20.14,FALSE
1945,60,0.02258,0.10703,2.57,64629,6917,306357,1066763,16.51,FALSE
1945,65,0.03528,0.16212,2.5,57711,9356,265188,760406,13.18,FALSE
1945,70,0.05658,0.24823,2.53,48355,12003,212135,495218,10.24,FALSE
1945,75,0.09345,0.37746,2.45,36352,13721,146830,283083,7.79,FALSE
1945,80,0.13347,0.49422,2.38,22631,11185,83796,136254,6.02,FALSE
1945,85,0.19863,0.63591,2.17,11446,7279,36645,52458,4.58,FALSE
1945,90,0.23874,0.69849,2.03,4167,2911,12193,15812,3.79,FALSE
1945,95,0.33344,0.82486,1.94,1257,1036,3108,3619,2.88,FALSE
1945,100,0.42176,0.89166,1.76,220,196,465,511,2.32,FALSE
1945,105,0.51581,0.93543,1.59,24,22,43,46,1.92,FALSE
1945,110,0.59288,1,1.69,2,2,3,3,1.69,TRUE
1950,0,0.06726,0.06413,0.27,100000,6413,95346,6414696,64.15,FALSE
1950,1,0.00558,0.02202,1.39,93587,2061,368980,6319351,67.52,FALSE
1950,5,0.00143,0.00713,2.21,91527,652,455812,5950371,65.01,FALSE
1950,10,0.00104,0.00517,2.56,90874,469,453224,5494559,60.46,FALSE
1950,15,0.00148,0.00738,2.69,90405,667,450485,5041335,55.76,FALSE
1950,20,0.00211,0.01048,2.58,89738,941,446409,4590850,51.16,FALSE
1950,25,0.00248,0.0123,2.51,88797,1092,441267,4144441,46.67,FALSE
1950,30,0.00271,0.01345,2.53,87705,1180,435608,3703174,42.22,FALSE
1950,35,0.0032,0.01588,2.56,86525,1374,429272,3267566,37.76,FALSE
1950,40,0.00416,0.0206,2.56,85151,1754,421476,2838294,33.33,FALSE
1950,45,0.00575,0.02835,2.58,83397,2364,411272,2416818,28.98,FALSE
1950,50,0.00866,0.04245,2.63,81033,3440,397018,2005546,24.75,FALSE
1950,55,0.01274,0.06183,2.62,77593,4798,376562,1608529,20.73,FALSE
1950,60,0.02062,0.09828,2.63,72795,7154,346987,1231967,16.92,FALSE
1950,65,0.03167,0.14692,2.55,65641,9644,304569,884980,13.48,FALSE
1950,70,0.05644,0.24836,2.59,55997,13907,246403,580411,10.37,FALSE
1950,75,0.08852,0.36126,2.46,42089,15205,171777,334009,7.94,FALSE
1950,80,0.13242,0.49279,2.41,26884,13248,100044,162232,6.03,FALSE
1950,85,0.19808,0.63729,2.2,13636,8690,43872,62188,4.56,FALSE
1950,90,0.24544,0.71165,2.05,4946,3520,14341,18315,3.7,FALSE
1950,95,0.34524,0.83639,1.92,1426,1193,3455,3975,2.79,FALSE
1950,100,0.44058,0.90284,1.73,233,211,478,520,2.23,FALSE
1950,105,0.54099,0.94421,1.55,23,21,40,42,1.83,FALSE
1950,110,0.62261,1,1.61,1,1,2,2,1.61,TRUE
1955,0,0.05419,0.05201,0.23,100000,5201,95985,6751735,67.52,FALSE
1955,1,0.00293,0.01165,1.44,94799,1104,376372,6655750,70.21,FALSE
1955,5,0.00085,0.00426,2.21,93694,399,467360,6279378,67.02,FALSE
1955,10,0.00066,0.00327,2.55,93295,305,465727,5812018,62.3,FALSE
1955,15,0.00089,0.00445,2.68,92990,414,463988,5346291,57.49,FALSE
1955,20,0.00123,0.00615,2.62,92576,569,461525,4882303,52.74,FALSE
1955,25,0.0016,0.00795,2.55,92007,731,458244,4420777,48.05,FALSE
1955,30,0.00185,0.00922,2.58,91276,842,454346,3962533,43.41,FALSE
1955,35,0.00244,0.01215,2.58,90434,1099,449516,3508187,38.79,FALSE
1955,40,0.00331,0.01644,2.59,89335,1468,443134,3058671,34.24,FALSE
1955,45,0.00474,0.02344,2.64,87867,2060,434468,2615537,29.77,FALSE
1955,50,0.00739,0.0363,2.64,85807,3115,421700,2181069,25.42,FALSE
1955,55,0.01138,0.05544,2.65,82693,4584,402707,1759369,21.28,FALSE
1955,60,0.01847,0.08856,2.67,78108,6918,374442,1356662,17.37,FALSE
1955,65,0.03039,0.14152,2.57,71191,10075,331520,982220,13.8,FALSE
1955,70,0.05071,0.2261,2.61,61115,13818,272512,650699,10.65,FALSE
1955,75,0.08565,0.35271,2.5,47297,16682,194780,378187,8,FALSE
1955,80,0.13206,0.49277,2.43,30615,15086,114238,183407,5.99,FALSE
1955,85,0.20178,0.64585,2.21,15529,10029,49704,69170,4.45,FALSE
1955,90,0.25797,0.73381,2.06,5500,4036,15644,19466,3.54,FALSE
1955,95,0.37011,0.8583,1.88,1464,1256,3395,3822,2.61,FALSE
1955,100,0.47813,0.92189,1.67,207,191,400,427,2.06,FALSE
1955,105,0.58899,0.95782,1.48,16,16,26,27,1.69,FALSE
1955,110,0.67698,1,1.48,1,1,1,1,1.48,TRUE
1960,0,0.04446,0.04292,0.19,100000,4292,96538,6975745,69.76,FALSE
1960,1,0.00173,0.00689,1.49,95708,660,381175,6879206,71.88,FALSE
1960,5,0.00061,0.00305,2.29,95048,290,474452,6498031,68.37,FALSE
1960,10,0.00049,0.00245,2.57,94757,232,473224,6023579,63.57,FALSE
1960,15,0.00071,0.00353,2.7,94526,334,471861,5550355,58.72,FALSE
1960,20,0.00091,0.00456,2.59,94192,430,469925,5078494,53.92,FALSE
1960,25,0.00123,0.00611,2.56,93762,573,467410,4608570,49.15,FALSE
1960,30,0.0015,0.00745,2.6,93189,694,464279,4141160,44.44,FALSE
1960,35,0.00198,0.00983,2.62,92494,910,460303,3676881,39.75,FALSE
1960,40,0.00286,0.0142,2.63,91584,1300,454838,3216578,35.12,FALSE
1960,45,0.00421,0.02086,2.64,90284,1883,446985,2761740,30.59,FALSE
1960,50,0.00662,0.0326,2.67,88401,2882,435282,2314755,26.18,FALSE
1960,55,0.01034,0.05049,2.68,85519,4318,417575,1879473,21.98,FALSE
1960,60,0.01712,0.08233,2.66,81201,6685,390394,1461897,18,FALSE
1960,65,0.02738,0.1285,2.62,74516,9576,349742,1071504,14.38,FALSE
1960,70,0.04711,0.21192,2.63,64940,13762,292110,721761,11.11,FALSE
1960,75,0.07777,0.32639,2.54,51178,16704,214795,429651,8.4,FALSE
1960,80,0.12433,0.4721,2.45,34474,16275,130900,214856,6.23,FALSE
1960,85,0.19035,0.62608,2.27,18199,11394,59857,83956,4.61,FALSE
1960,90,0.25831,0.73798,2.1,6805,5022,19442,24099,3.54,FALSE
1960,95,0.3694,0.85852,1.88,1783,1531,4144,4657,2.61,FALSE
1960,100,0.48429,0.92508,1.66,252,233,482,513,2.03,FALSE
1960,105,0.60192,0.9611,1.46,19,18,30,31,1.65,FALSE
1960,110,0.6945,1,1.44,1,1,1,1,1.44,TRUE
1965,0,0.03489,0.0339,0.16,100000,3390,97152,7125198,71.25,FALSE
1965,1,0.00103,0.00411,1.62,96610,397,385496,7028047,72.75,FALSE
1965,5,0.00046,0.00229,2.35,96213,220,480480,6642551,69.04,FALSE
1965,10,0.00041,0.00204,2.65,95993,196,479505,6162070,64.19,FALSE
1965,15,0.00064,0.00319,2.74,95797,306,478296,5682566,59.32,FALSE
1965,20,0.00091,0.00453,2.59,95491,432,476414,5204270,54.5,FALSE
1965,25,0.00106,0.00528,2.57,95059,502,474077,4727856,49.74,FALSE
1965,30,0.00131,0.00651,2.63,94557,616,471323,4253779,44.99,FALSE
1965,35,0.00181,0.00904,2.65,93941,849,467714,3782456,40.26,FALSE
1965,40,0.00265,0.01316,2.67,93092,1225,462602,3314742,35.61,FALSE
1965,45,0.00404,0.02,2.66,91867,1837,455045,2852140,31.05,FALSE
1965,50,0.00622,0.03067,2.68,90030,2761,443742,2397095,26.63,FALSE
1965,55,0.00971,0.04749,2.68,87269,4145,426750,1953353,22.38,FALSE
1965,60,0.01602,0.07722,2.67,83125,6419,400658,1526602,18.37,FALSE
1965,65,0.0265,0.12468,2.63,76705,9564,360887,1125945,14.68,FALSE
1965,70,0.04458,0.20171,2.64,67142,13543,303792,765058,11.39,FALSE
1965,75,0.07449,0.31487,2.55,53598,16876,226573,461265,8.61,FALSE
1965,80,0.11877,0.45651,2.47,36722,16764,141146,234693,6.39,FALSE
1965,85,0.18558,0.61737,2.29,19958,12321,66395,93546,4.69,FALSE
1965,90,0.25685,0.73661,2.11,7637,5625,21901,27151,3.56,FALSE
1965,95,0.36932,0.85893,1.89,2011,1728,4678,5250,2.61,FALSE
1965,100,0.48846,0.92716,1.65,284,263,539,572,2.02,FALSE
1965,105,0.61035,0.9631,1.45,21,20,33,34,1.63,FALSE
1965,110,0.70586,1,1.42,1,1,1,1,1.42,TRUE
1970,0,0.02416,0.02366,0.12,100000,2366,97922,7253203,72.53,FALSE
1970,1,0.00092,0.00365,1.63,97634,357,389690,7155281,73.29,FALSE
1970,5,0.00043,0.00215,2.34,97277,209,485832,6765590,69.55,FALSE
1970,10,0.00036,0.00181,2.63,97068,176,484926,6279759,64.69,FALSE
1970,15,0.00063,0.00317,2.75,96893,307,483775,5794833,59.81,FALSE
1970,20,0.00086,0.00428,2.55,96586,413,481917,5311058,54.99,FALSE
1970,25,0.00098,0.00489,2.54,96173,470,479707,4829140,50.21,FALSE
1970,30,0.00121,0.00603,2.61,95703,577,477135,4349434,45.45,FALSE
1970,35,0.00165,0.00821,2.64,95126,781,473789,3872299,40.71,FALSE
1970,40,0.00247,0.01226,2.63,94345,1157,468987,3398510,36.02,FALSE
1970,45,0.00382,0.01894,2.69,93188,1765,461870,2929523,31.44,FALSE
1970,50,0.00607,0.02992,2.67,91423,2735,450729,2467653,26.99,FALSE
1970,55,0.00919,0.04501,2.67,88688,3992,434126,2016924,22.74,FALSE
1970,60,0.01496,0.0723,2.68,84696,6124,409258,1582798,18.69,FALSE
1970,65,0.02446,0.11562,2.64,78573,9085,371420,1173539,14.94,FALSE
1970,70,0.04274,0.19416,2.64,69488,13492,315649,802119,11.54,FALSE
1970,75,0.07189,0.30581,2.56,55996,17124,238207,486471,8.69,FALSE
1970,80,0.11771,0.45397,2.48,38872,17647,149926,248264,6.39,FALSE
1970,85,0.18518,0.61664,2.29,21225,13088,70680,98338,4.63,FALSE
1970,90,0.27159,0.76042,2.11,8137,6188,22783,27659,3.4,FALSE
1970,95,0.38666,0.87268,1.86,1950,1701,4400,4876,2.5,FALSE
1970,100,0.51506,0.93778,1.61,248,233,452,476,1.92,FALSE
1970,105,0.64344,0.96965,1.4,15,15,23,24,1.55,FALSE
1970,110,0.74145,1,1.35,0,0,1,1,1.35,TRUE
1975,0,0.01633,0.0161,0.12,100000,1610,98576,7421880,74.22,FALSE
1975,1,0.00074,0.00295,1.6,98390,290,392863,7323304,74.43,FALSE
1975,5,0.00036,0.0018,2.39,98100,176,490038,6930441,70.65,FALSE
1975,10,0.00032,0.00161,2.61,97923,158,489238,6440403,65.77,FALSE
1975,15,6e-04,0.00302,2.77,97765,295,488169,5951164,60.87,FALSE
1975,20,0.00078,0.00387,2.51,97470,377,486412,5462995,56.05,FALSE
1975,25,0.00082,0.00407,2.53,97093,395,484487,4976583,51.26,FALSE
1975,30,0.00102,0.00508,2.59,96697,491,482307,4492096,46.46,FALSE
1975,35,0.00143,0.00713,2.67,96207,686,479436,4009789,41.68,FALSE
1975,40,0.00219,0.01091,2.68,95520,1042,475183,3530353,36.96,FALSE
1975,45,0.00348,0.01728,2.68,94478,1633,468601,3055170,32.34,FALSE
1975,50,0.00556,0.02744,2.66,92845,2548,458270,2586569,27.86,FALSE
1975,55,0.00871,0.04267,2.66,90298,3853,442489,2128299,23.57,FALSE
1975,60,0.01353,0.06555,2.65,86444,5666,418912,1685811,19.5,FALSE
1975,65,0.0221,0.10507,2.66,80778,8488,384029,1266898,15.68,FALSE
1975,70,0.03726,0.17125,2.64,72290,12379,332211,882870,12.21,FALSE
1975,75,0.06445,0.2789,2.59,59911,16709,259243,550659,9.19,FALSE
1975,80,0.10806,0.4249,2.49,43202,18356,169877,291416,6.75,FALSE
1975,85,0.17179,0.58877,2.33,24846,14628,85153,121539,4.89,FALSE
1975,90,0.25666,0.73797,2.12,10217,7540,29378,36386,3.56,FALSE
1975,95,0.36737,0.8585,1.9,2677,2298,6256,7009,2.62,FALSE
1975,100,0.496,0.93092,1.65,379,353,711,753,1.99,FALSE
1975,105,0.62694,0.96678,1.42,26,25,40,42,1.59,FALSE
1975,110,0.72793,1,1.37,1,1,1,1,1.37,TRUE
1980,0,0.01114,0.01103,0.13,100000,1103,99036,7602317,76.02,FALSE
1980,1,0.00058,0.00234,1.59,98897,231,395030,7503281,75.87,FALSE
1980,5,0.00029,0.00144,2.33,98666,142,492949,7108251,72.04,FALSE
1980,10,0.00027,0.00137,2.62,98523,135,492296,6615302,67.14,FALSE
1980,15,0.00054,0.00271,2.8,98389,266,491358,6123006,62.23,FALSE
1980,20,0.00073,0.00364,2.53,98123,358,489728,5631648,57.39,FALSE
1980,25,0.00076,0.0038,2.53,97765,372,487906,5141920,52.59,FALSE
1980,30,0.00091,0.00452,2.58,97393,440,485902,4654015,47.79,FALSE
1980,35,0.00126,0.00629,2.65,96953,610,483335,4168112,42.99,FALSE
1980,40,0.00196,0.00974,2.67,96343,938,479529,3684778,38.25,FALSE
1980,45,0.00308,0.0153,2.67,95405,1460,473621,3205249,33.6,FALSE
1980,50,0.00489,0.02419,2.66,93945,2273,464409,2731628,29.08,FALSE
1980,55,0.00763,0.03748,2.67,91672,3436,450345,2267219,24.73,FALSE
1980,60,0.01204,0.05853,2.65,88236,5165,429043,1816874,20.59,FALSE
1980,65,0.01877,0.08991,2.66,83071,7469,397844,1387831,16.71,FALSE
1980,70,0.03199,0.1488,2.66,75602,11250,351678,989986,13.09,FALSE
1980,75,0.05518,0.24379,2.61,64353,15689,284314,638308,9.92,FALSE
1980,80,0.09472,0.3837,2.53,48664,18672,197142,353994,7.27,FALSE
1980,85,0.15618,0.55309,2.36,29992,16588,106210,156853,5.23,FALSE
1980,90,0.23762,0.70916,2.16,13404,9505,40002,50643,3.78,FALSE
1980,95,0.35007,0.84492,1.94,3898,3294,9409,10641,2.73,FALSE
1980,100,0.48262,0.92602,1.67,605,560,1160,1232,2.04,FALSE
1980,105,0.61962,0.96564,1.44,45,43,70,72,1.61,FALSE
1980,110,0.72573,1,1.38,2,2,2,2,1.38,TRUE
1985,0,0.00851,0.00845,0.13,100000,845,99267,7680464,76.8,FALSE
1985,1,0.00046,0.00183,1.63,99155,181,396191,7581197,76.46,FALSE
1985,5,0.00024,0.00117,2.36,98974,116,494563,7185006,72.59,FALSE
1985,10,0.00023,0.00116,2.69,98858,115,494024,6690443,67.68,FALSE
1985,15,6e-04,0.00302,2.85,98743,298,493076,6196419,62.75,FALSE
1985,20,0.00089,0.00444,2.56,98445,438,491158,5703344,57.93,FALSE
1985,25,0.00094,0.00471,2.49,98008,461,488881,5212185,53.18,FALSE
1985,30,0.001,0.005,2.56,97546,488,486539,4723305,48.42,FALSE
1985,35,0.0013,0.0065,2.63,97058,631,483794,4236766,43.65,FALSE
1985,40,0.0019,0.00945,2.66,96427,911,480006,3752972,38.92,FALSE
1985,45,0.00298,0.0148,2.68,95516,1414,474294,3272966,34.27,FALSE
1985,50,0.00463,0.02288,2.66,94102,2153,465470,2798671,29.74,FALSE
1985,55,0.00714,0.03512,2.67,91949,3229,452219,2333201,25.38,FALSE
1985,60,0.01119,0.0545,2.65,88719,4835,432248,1880982,21.2,FALSE
1985,65,0.01765,0.08476,2.65,83884,7110,402708,1448734,17.27,FALSE
1985,70,0.02905,0.13596,2.65,76775,10438,359366,1046027,13.62,FALSE
1985,75,0.05031,0.22475,2.63,66337,14909,296335,686660,10.35,FALSE
1985,80,0.0872,0.35908,2.54,51427,18467,211765,390325,7.59,FALSE
1985,85,0.14636,0.53093,2.42,32961,17500,119569,178561,5.42,FALSE
1985,90,0.23449,0.70668,2.19,15461,10926,46595,58992,3.82,FALSE
1985,95,0.34885,0.84485,1.95,4535,3831,10983,12397,2.73,FALSE
1985,100,0.48961,0.92955,1.66,704,654,1336,1414,2.01,FALSE
1985,105,0.63458,0.96875,1.41,50,48,76,78,1.57,FALSE
1985,110,0.7452,1,1.34,2,2,2,2,1.34,TRUE
1990,0,0.0069,0.00686,0.14,100000,686,99407,7751414,77.51,FALSE
1990,1,4e-04,0.00159,1.62,99314,158,396880,7652007,77.05,FALSE
1990,5,2e-04,0.00102,2.37,99156,101,495513,7255127,73.17,FALSE
1990,10,0.00021,0.00105,2.73,99055,104,495037,6759614,68.24,FALSE
1990,15,0.00054,0.00267,2.88,98950,265,494191,6264577,63.31,FALSE
1990,20,0.00088,0.0044,2.58,98686,434,492380,5770386,58.47,FALSE
1990,25,0.0012,0.00601,2.63,98252,590,489860,5278006,53.72,FALSE
1990,30,0.0014,0.007,2.49,97662,683,486594,4788146,49.03,FALSE
1990,35,0.00146,0.00725,2.56,96979,703,483175,4301552,44.36,FALSE
1990,40,0.00191,0.0095,2.64,96275,914,479216,3818377,39.66,FALSE
1990,45,0.00285,0.01414,2.66,95361,1349,473647,3339162,35.02,FALSE
1990,50,0.00433,0.02144,2.67,94012,2016,465366,2865514,30.48,FALSE
1990,55,0.00661,0.03252,2.66,91996,2992,452975,2400148,26.09,FALSE
1990,60,0.01024,0.05003,2.67,89004,4453,434642,1947173,21.88,FALSE
1990,65,0.01626,0.07831,2.66,84552,6621,407241,1512531,17.89,FALSE
1990,70,0.02668,0.12551,2.65,77931,9781,366657,1105290,14.18,FALSE
1990,75,0.04551,0.20544,2.64,68150,14001,307671,738633,10.84,FALSE
1990,80,0.07963,0.33353,2.57,54149,18060,226812,430962,7.96,FALSE
1990,85,0.13664,0.50589,2.43,36089,18257,133611,204150,5.66,FALSE
1990,90,0.22281,0.68924,2.23,17832,12290,55162,70539,3.96,FALSE
1990,95,0.34244,0.83991,1.97,5541,4654,13591,15377,2.78,FALSE
1990,100,0.48836,0.92955,1.67,887,825,1689,1786,2.01,FALSE
1990,105,0.63929,0.96981,1.41,62,61,95,97,1.56,FALSE
1990,110,0.75385,1,1.33,2,2,3,3,1.33,TRUE
1995,0,0.00506,0.00504,0.14,100000,504,99566,7866092,78.66,FALSE
1995,1,0.00031,0.00123,1.66,99496,123,397695,7766526,78.06,FALSE
1995,5,0.00016,8e-04,2.38,99373,80,496656,7368831,74.15,FALSE
1995,10,0.00018,0.00088,2.67,99293,87,496264,6872175,69.21,FALSE
1995,15,0.00043,0.00214,2.78,99206,212,495562,6375910,64.27,FALSE
1995,20,6e-04,0.00299,2.6,98994,296,494261,5880349,59.4,FALSE
1995,25,0.00084,0.00421,2.7,98699,416,492535,5386088,54.57,FALSE
1995,30,0.00123,0.00616,2.6,98283,605,489960,4893553,49.79,FALSE
1995,35,0.00142,0.00708,2.55,97678,692,486696,4403593,45.08,FALSE
1995,40,0.00182,0.00905,2.63,96986,877,482846,3916897,40.39,FALSE
1995,45,0.00264,0.01314,2.66,96108,1263,477581,3434051,35.73,FALSE
1995,50,0.00393,0.01947,2.65,94845,1846,469892,2956470,31.17,FALSE
1995,55,0.006,0.0296,2.66,92999,2753,458568,2486578,26.74,FALSE
1995,60,0.00926,0.04532,2.66,90247,4090,441655,2028010,22.47,FALSE
1995,65,0.01478,0.07146,2.67,86157,6157,416437,1586355,18.41,FALSE
1995,70,0.02454,0.11604,2.67,80000,9284,378351,1169918,14.62,FALSE
1995,75,0.04258,0.19347,2.64,70717,13682,321290,791567,11.19,FALSE
1995,80,0.07359,0.31231,2.58,57035,17813,242047,470276,8.25,FALSE
1995,85,0.12994,0.48859,2.46,39222,19164,147479,228229,5.82,FALSE
1995,90,0.21706,0.67961,2.25,20058,13632,62801,80750,4.03,FALSE
1995,95,0.33944,0.83796,1.98,6427,5385,15865,17949,2.79,FALSE
1995,100,0.49126,0.9312,1.67,1041,970,1974,2084,2,FALSE
1995,105,0.64811,0.97149,1.4,72,70,107,110,1.54,FALSE
1995,110,0.7658,1,1.31,2,2,3,3,1.31,TRUE
2000,0,0.0041,0.00409,0.14,100000,409,99649,7982219,79.82,FALSE
2000,1,0.00024,0.00095,1.62,99591,94,398140,7882571,79.15,FALSE
2000,5,0.00013,0.00064,2.46,99497,64,497321,7484431,75.22,FALSE
2000,10,0.00015,0.00076,2.71,99433,75,496991,6987110,70.27,FALSE
2000,15,4e-04,0.00199,2.8,99357,198,496350,6490120,65.32,FALSE
2000,20,0.00053,0.00265,2.48,99159,263,495133,5993769,60.45,FALSE
2000,25,0.00058,0.0029,2.58,98896,286,493788,5498637,55.6,FALSE
2000,30,0.00079,0.00396,2.64,98610,391,492126,5004848,50.75,FALSE
2000,35,0.00115,0.00576,2.66,98219,565,489769,4512723,45.95,FALSE
2000,40,0.00167,0.00832,2.65,97653,813,486359,4022953,41.2,FALSE
2000,45,0.00254,0.01261,2.66,96841,1221,481345,3536595,36.52,FALSE
2000,50,0.00373,0.01851,2.65,95620,1770,473931,3055250,31.95,FALSE
2000,55,0.00551,0.0272,2.65,93850,2552,463244,2581319,27.5,FALSE
2000,60,0.00839,0.04116,2.66,91298,3758,447676,2118075,23.2,FALSE
2000,65,0.01321,0.06405,2.66,87540,5607,424572,1670399,19.08,FALSE
2000,70,0.02186,0.10398,2.67,81933,8520,389795,1245827,15.21,FALSE
2000,75,0.03831,0.17574,2.65,73413,12902,336768,856032,11.66,FALSE
2000,80,0.06806,0.29261,2.61,60511,17706,260153,519263,8.58,FALSE
2000,85,0.12153,0.46505,2.48,42805,19907,163797,259111,6.05,FALSE
2000,90,0.20751,0.66307,2.28,22899,15183,73168,95313,4.16,FALSE
2000,95,0.32858,0.82823,2.01,7715,6390,19447,22145,2.87,FALSE
2000,100,0.48232,0.92789,1.68,1325,1230,2550,2698,2.04,FALSE
2000,105,0.64232,0.97064,1.41,96,93,144,148,1.55,FALSE
2000,110,0.76233,1,1.31,3,3,4,4,1.31,TRUE
2005,0,0.00344,0.00343,0.14,100000,343,99706,8105735,81.06,FALSE
2005,1,0.00019,0.00076,1.64,99657,76,398451,8006029,80.34,FALSE
2005,5,1e-04,0.00051,2.34,99582,51,497773,7607578,76.4,FALSE
2005,10,0.00012,6e-04,2.72,99531,60,497518,7109805,71.43,FALSE
2005,15,0.00032,0.00161,2.8,99471,160,497004,6612286,66.47,FALSE
2005,20,4e-04,0.00199,2.52,99311,197,496066,6115282,61.58,FALSE
2005,25,0.00043,0.00216,2.52,99114,214,495039,5619216,56.69,FALSE
2005,30,0.00055,0.00275,2.65,98900,272,493858,5124177,51.81,FALSE
2005,35,0.00088,0.00438,2.7,98628,432,492142,4630318,46.95,FALSE
2005,40,0.00143,0.00711,2.68,98195,699,489357,4138176,42.14,FALSE
2005,45,0.00227,0.01127,2.67,97497,1099,484920,3648820,37.43,FALSE
2005,50,0.00352,0.01744,2.66,96398,1681,478058,3163899,32.82,FALSE
2005,55,0.00514,0.02538,2.65,94717,2404,467933,2685841,28.36,FALSE
2005,60,0.00758,0.03723,2.63,92313,3437,453418,2217908,24.03,FALSE
2005,65,0.01166,0.05676,2.67,88876,5045,432605,1764490,19.85,FALSE
2005,70,0.01912,0.09152,2.68,83831,7673,401323,1331885,15.89,FALSE
2005,75,0.03363,0.15593,2.67,76159,11876,353169,930562,12.22,FALSE
2005,80,0.06178,0.26926,2.62,64283,17309,280190,577393,8.98,FALSE
2005,85,0.11295,0.44091,2.51,46974,20711,183362,297203,6.33,FALSE
2005,90,0.19583,0.64073,2.3,26263,16827,85928,113841,4.33,FALSE
2005,95,0.31677,0.81698,2.04,9436,7709,24336,27913,2.96,FALSE
2005,100,0.47307,0.92445,1.71,1727,1596,3375,3578,2.07,FALSE
2005,105,0.63847,0.97022,1.41,130,127,198,203,1.56,FALSE
2005,110,0.76326,1,1.31,4,4,5,5,1.31,TRUE
2010,0,0.00294,0.00293,0.14,100000,293,99749,8242338,82.42,FALSE
2010,1,0.00015,0.00061,1.6,99707,61,398681,8142589,81.67,FALSE
2010,5,8e-05,0.00042,2.45,99646,41,498123,7743908,77.71,FALSE
2010,10,9e-05,0.00047,2.74,99604,47,497916,7245784,72.75,FALSE
2010,15,0.00019,0.00095,2.84,99557,95,497583,6747869,67.78,FALSE
2010,20,0.00027,0.00137,2.49,99463,137,496971,6250286,62.84,FALSE
2010,25,0.00031,0.00153,2.57,99326,152,496261,5753314,57.92,FALSE
2010,30,0.00041,0.00205,2.61,99174,204,495384,5257053,53.01,FALSE
2010,35,0.00061,0.00304,2.7,98970,301,494159,4761669,48.11,FALSE
2010,40,0.00108,0.0054,2.74,98669,533,492142,4267510,43.25,FALSE
2010,45,0.00192,0.00955,2.72,98136,937,488540,3775368,38.47,FALSE
2010,50,0.00314,0.01558,2.67,97199,1514,482470,3286828,33.82,FALSE
2010,55,0.00478,0.02364,2.65,95685,2262,473116,2804358,29.31,FALSE
2010,60,0.007,0.03445,2.63,93423,3218,459494,2331242,24.95,FALSE
2010,65,0.01035,0.05053,2.65,90205,4558,440310,1871749,20.75,FALSE
2010,70,0.01663,0.08007,2.67,85647,6858,412271,1431438,16.71,FALSE
2010,75,0.02903,0.13598,2.68,78789,10714,369053,1019168,12.94,FALSE
2010,80,0.05408,0.2399,2.65,68075,16331,301973,650115,9.55,FALSE
2010,85,0.10138,0.40582,2.54,51744,20999,207137,348141,6.73,FALSE
2010,90,0.18085,0.61091,2.34,30745,18783,103858,141004,4.59,FALSE
2010,95,0.29862,0.79786,2.08,11963,9545,31963,37147,3.11,FALSE
2010,100,0.45581,0.91711,1.74,2418,2218,4865,5184,2.14,FALSE
2010,105,0.62655,0.96838,1.43,200,194,310,318,1.59,FALSE
2010,110,0.75716,1,1.32,6,6,8,8,1.32,TRUE
2015,0,0.00264,0.00263,0.14,100000,263,99774,8286265,82.86,FALSE
2015,1,0.00013,0.00051,1.52,99737,50,398821,8186491,82.08,FALSE
2015,5,7e-05,0.00037,2.5,99686,37,498338,7787670,78.12,FALSE
2015,10,8e-05,0.00039,2.65,99649,39,498154,7289332,73.15,FALSE
2015,15,0.00017,0.00086,2.81,99610,86,497863,6791179,68.18,FALSE
2015,20,0.00024,0.00118,2.57,99524,117,497338,6293316,63.23,FALSE
2015,25,0.00029,0.00144,2.6,99407,143,496695,5795978,58.31,FALSE
2015,30,0.00037,0.00185,2.62,99264,184,495884,5299283,53.39,FALSE
2015,35,0.00054,0.00268,2.66,99081,266,494780,4803399,48.48,FALSE
2015,40,0.00091,0.00454,2.71,98815,448,493050,4308619,43.6,FALSE
2015,45,0.00166,0.00826,2.73,98367,813,489991,3815569,38.79,FALSE
2015,50,0.00294,0.01461,2.69,97554,1425,484475,3325579,34.09,FALSE
2015,55,0.00463,0.02292,2.67,96128,2203,475505,2841104,29.56,FALSE
2015,60,0.00688,0.03385,2.63,93925,3180,462104,2365599,25.19,FALSE
2015,65,0.01017,0.04966,2.65,90745,4507,443122,1903495,20.98,FALSE
2015,70,0.01589,0.07659,2.66,86238,6605,415740,1460373,16.93,FALSE
2015,75,0.02772,0.13026,2.69,79633,10373,374158,1044632,13.12,FALSE
2015,80,0.05162,0.23035,2.66,69260,15954,309045,670474,9.68,FALSE
2015,85,0.09947,0.40003,2.55,53306,21324,214374,361429,6.78,FALSE
2015,90,0.17977,0.60889,2.35,31982,19474,108325,147056,4.6,FALSE
2015,95,0.29934,0.79914,2.08,12509,9996,33394,38730,3.1,FALSE
2015,100,0.46024,0.91951,1.74,2512,2310,5020,5337,2.12,FALSE
2015,105,0.63446,0.9699,1.42,202,196,309,317,1.57,FALSE
2015,110,0.76647,1,1.3,6,6,8,8,1.3,TRUE
